,Training_Trial_1,Training_Trial_2,Training_Trial_3,Training_Trial_4,Training_Trial_5,Training_Trial_6,Training_Trial_7,Training_Trial_8,Training_Trial_9,Training_Trial_10
LG_ACC,0.9614,0.9622,0.9622,0.9602,0.9642,0.9668,0.9632,0.9606,0.9664,0.9622
SVM_ACC,0.9994,0.9984,1.0,1.0,0.9984,0.9982,1.0,0.9996,0.9958,0.9956
KNN_ACC,1.0,1.0,1.0,1.0,1.0,1.0,1.0,1.0,1.0,1.0
DT_ACC,0.9796,0.9804,0.9818,0.9978,0.993,0.9954,0.9908,0.9804,0.991,0.9932
LG_ROC_AUC,0.8547498197253357,0.8651579988100462,0.8576916435989395,0.8648836768721759,0.867980981715238,0.8499658543150673,0.865363868626318,0.8605841738084594,0.8557003409807631,0.8654560371459146
SVM_ROC_AUC,0.9999945836799778,0.9999988946074531,1.0,0.9999978115767589,0.9999132964682761,0.9998262292036804,1.0,0.9998969284683571,0.9995017788379514,0.9998765120260447
KNN_ROC_AUC,1.0,1.0,1.0,1.0,1.0,1.0,1.0,1.0,1.0,1.0
DT_ROC_AUC,0.9874809893540383,0.9802239746378734,0.9861720386926539,0.9783716020673039,0.9471523925918962,0.9803760868769575,0.9777664296263002,0.9740851586263147,0.9829846306503051,0.9718467020116133
LG_F1,0.0,0.0,0.0,0.0,0.0,0.0,0.0,0.0,0.0,0.0
SVM_F1,0.9921671018276764,0.9787234042553191,1.0,1.0,0.9767441860465116,1.0,1.0,0.9949748743718593,0.9775561097256857,0.9591280653950953
KNN_F1,1.0,1.0,1.0,1.0,1.0,1.0,1.0,1.0,1.0,1.0
DT_F1,0.8585365853658535,0.9100817438692097,0.8901098901098902,0.9682997118155621,0.8881578947368421,0.9321533923303835,0.8909952606635071,0.8864864864864864,0.8421052631578947,0.9034090909090908
LG_PRECISION,0.0386,0.0378,0.0378,0.0398,0.0358,0.0332,0.0368,0.0394,0.0336,0.0378
SVM_PRECISION,0.15359166666666668,0.45731421663442945,0.22789502762430938,0.37728046142754146,0.5845674418604652,0.4864439280018228,0.39842237762237764,0.2772559176672384,0.39682462311557787,0.30758118118118116
KNN_PRECISION,0.28651378388697973,1.0,1.0,0.30386976744186045,0.29656859504132227,0.19641652060413947,0.2660882882882883,0.43351136363636367,0.2896310387984981,0.36211879699248123
DT_PRECISION,0.5214889894419306,0.5118941972920696,0.5311642076502732,0.9402354896615917,0.8006370176586004,0.4839219346306443,0.4974529685080021,0.5325900546133946,0.5122449172576832,0.8137721150724073
